id,name,abbreviation,group,aliases
US-AL,ALABAMA,AL,state,
US-AK,ALASKA,AK,state,
US-AZ,ARIZONA,AZ,state,
US-AR,ARKANSAS,AR,state,
US-CA,CALIFORNIA,CA,state,
US-CO,COLORADO,CO,state,
US-CT,CONNECTICUT,CT,state,
US-DC,DISTRICT OF COLUMBIA,DC,state,
US-DE,DELAWARE,DE,state,
US-FL,FLORIDA,FL,state,
US-GA,GEORGIA,GA,state,
US-HI,HAWAII,HI,state,
US-ID,IDAHO,ID,state,
US-IL,ILLINOIS,IL,state,
US-IN,INDIANA,IN,state,
US-IA,IOWA,IA,state,
US-KS,KANSAS,KS,state,
US-KY,KENTUCKY,KY,state,
US-LA,LOUISIANA,LA,state,
US-ME,MAINE,ME,state,
US-MD,MARYLAND,MD,state,
US-MA,MASSACHUSETTS,MA,state,
US-MI,MICHIGAN,MI,state,
US-MN,MINNESOTA,MN,state,
US-MS,MISSISSIPPI,MS,state,
US-MO,MISSOURI,MO,state,
US-MT,MONTANA,MT,state,
US-NE,NEBRASKA,NE,state,
US-NV,NEVADA,NV,state,
US-NH,NEW HAMPSHIRE,NH,state,
US-NJ,NEW JERSEY,NJ,state,
US-NM,NEW MEXICO,NM,state,
US-NY,NEW YORK,NY,state,
US-NC,NORTH CAROLINA,NC,state,
US-ND,NORTH DAKOTA,ND,state,
US-OH,OHIO,OH,state,
US-OK,OKLAHOMA,OK,state,
US-OR,OREGON,OR,state,
US-PA,PENNSYLVANIA,PA,state,
US-RI,RHODE ISLAND,RI,state,
US-SC,SOUTH CAROLINA,SC,state,
US-SD,SOUTH DAKOTA,SD,state,
US-TN,TENNESSEE,TN,state,
US-TX,TEXAS,TX,state,
US-UT,UTAH,UT,state,
US-VT,VERMONT,VT,state,
US-VA,VIRGINIA,VA,state,
US-WA,WASHINGTON,WA,state,
US-WV,WEST VIRGINIA,WV,state,
US-WI,WISCONSIN,WI,state,
US-WY,WYOMING,WY,state,
US-AS,AMERICAN SAMOA,AS,territory,
US-GU,GUAM,GU,territory,
US-PR,PUERTO RICO,PR,territory,
US-VI,U.S. VIRGIN ISLANDS,VI,territory,US VIRGIN ISLANDS|VIRGIN ISLANDS
US-MP,NORTHERN MARIANA ISLANDS,MP,territory,CNMI|NORTHERN MARIANAS|COMMONWEALTH OF NORTHERN MARIANA ISLANDS|COMMONWEALTH OF THE NORTHERN MARIANA ISLANDS|COMMONWEALTH OF THE NORTHERN MARIANA ISLANDS (CNMI)
US-FM,MICRONESIA,FM,freely-associated-state,Federated States of Micronesia
US-PW,PALAU,PW,freely-associated-state,
US-MH,MARSHALL ISLANDS,MH,freely-associated-state,RMI
